HDFCBK,HDFC BANK
AXISBK,AXIS BANK
IPAYTM,PAYTM
ICICIB,ICICI BANK
SBICRD,SBI CARD
CITIBK,CITIBANK
OXIGEN,OXIGEN WALLET
MOBIKW,MOBIKWIK
FCHRGE,FREECHARGE
KOTAKB,KOTAK BANK
SBIINB,STATE BANK OF INDIA
ATMSBI,STATE BANK OF INDIA
CANBNK,CANARA BANK
IDBIBK,IDBI BANK
KOTAKS,KOTAK SECURITIES
HDFCSL,HDFC STANDARD LIFE
KSTECH,KOTAK SECURITIES
BOBTXN,BANK OF BARODA
MAHABK,BANK OF MAHARASHTRA
KTKBNK,KARNATAKA BANK
BOIIND,BANK OF INDIA
OBCBNK,ORIENTAL BANK OF COMMERCE
UNIONB,UNION BANK
CBSSBI,STATE BANK OF INDIA
HSBCIN,HSBC
PAYUMN,PAYU MONEY
PNBSMS,PUNJAB NATIONAL BANK
CITRUS,CITRUS PAY
FROMSC,STANDARD CHARTERED
VPAYTM,PAYTM
UCOBNK,UCO BANK
INDUSB,INDUSIND BANK
CORPBK,CORPORATION BANK
SBHINB,STATE BANK OF HYDERABAD
CENTBK,CENTRAL BANK
RBLBNK,RATNAKAR BANK LIMITED
RMFUND,RELIANCE MUTUAL FUND
SBGMBS,OXIGEN WALLET
KRVUTI,KARVY UTI
IOBCHN,INDIAN OVERSEAS BANK
MYAMEX,AMERICAN EXPRESS
BAJAJF,BAJAJ FINSERVE
NSESMS,NSE
WOOHOO,WOOHOO
SBILIF,SBI LIFE
DMRSMS,RATNAKAR MONEY SERVICES
ALBANK,ALLAHABAD BANK
PAYONE,PAYONE
POCKET,POCKETS
LICIND,LIC
AXISDT,AXIS DIRECT
JTRADE,JUST TRADE
NSDLPN,NSDL
GUDWIL,MCX
PAYZAP,PAYZAPP
MOTRDS,MOTILAL OSWAL
ICICIM,ICICI MERCHANT SERVICES
DATABK,DATABACK
UVAPNT,UVAPOINT
MCENTT,MCENT
CUBANK,CITY UNION BANK
CTOPUP,C TOP UP
SHMART,SHMART
PAYPAL,PAYPAL
RBLCRD,RATNAKAR BANK LIMITED
LADOOO,LADOOO
STARBI,BANK OF INDIA
HDFCMF,HDFC MUTUAL FUND
KSTRDE,KOTAK SECURITIES
ONGOWL,ONGO
AIRMNY,AIRTEL MONEY
BKDENA,DENA BANK
CBSSBH,STATE BANK OF HYDERABAD
KSDERV,KARVY UTI
YESBNK,YES BANK
QCMAPP,WOOHOO
SBIPSG,STATE BANK OF HYDERABAD
ANGBRK,ANGEL BROKING
BOBSMS,BANK OF BARODA
SCISMS,STATE BANK OF INDIA
SARBNK,SARASWAT BANK
ZEBPAY,ZEBPAY
TJSBNK,TJS BANK
HDFCMP,HDFC
ICICIL,ICICI LOMBART
ITZCSH,ITZ CASH
INDBNK,INDIAN BANK
FEDBNK,FEDERAL BANK
SBIACS,STATE BANK OF INDIA
PNBACS,PUNJAB NATIONAL BANK
SYBANK,SYNDICATE BANK
SBIWAL,STATE BANK OF INDIA BUDDY
SBIMFD,SBI MUTUAL FUNDS
AXISMF,AXIS BANK
IDFCBK,IDFC BANK
BILLDK,BILL DESK
INGVYS,ING VYASYA
AIRVOT,AIRTEL MONEY
SBIBIL,SBI CARD
SBIBDP,STATE BANK OF INDIA
SBISSL,STATE BANK OF INDIA
SBIBNK,STATE BANK OF INDIA
SBIGEN,SBI GENERAL INSURANCE
GRCSBI,STATE BANK OF INDIA
SBIFRW,STATE BANK OF INDIA
ICICIP,ICICI PRUDENTIAL
SBIAO1,STATE BANK OF INDIA
SBIDCL,STATE BANK OF INDIA
SBIHYD,STATE BANK OF INDIA
PAYBAK,PAYBACK
EKARTL,E-KART LOGISTICS
GOOGLE,GOOGLE
DHCBAS,DELHI HIGH COURT BAR ASSOCIATION
DCEGGN,DRONACHARYA COLLEGE OF ENGINEERING
SMSCOU,RKDF UNIVERSITY
ICSIHQ,INST OF COMPANY SECRETARIES
SBHHYD,STATE BANK OF HYDERABAD
MININB,GOVERNMENT OF INDIA
EPFOHO,EPFO
HBLHRD,HBL GLOBAL
SWNFLU,SWINE FLU
INVTCH,OTHERS
DLHVRY,DELHIVERY
JAVAAS,GOJAVAS
VCDDEL,OTHERS
ITDCPC,INCOME TAX CPC
SMARRY,SIMPLY MARRY
ADHAAR,ADHAAR
MYGOVT,MY GOVT
WIPROT,WIPRO
KARDPR,KARNATAKA GOVT
BLUDRT,BLUE DART
SHAADI,SHAADI.COM
MONSTR,MONSTER
TCSPSK,PASSPORT SEVA KENDRA
SEBIED,SEBI
NAUKRI,NAUKRI
ITDEFL,INCOME TAX CPC
BSSTPT,BARCLAYS SHARED SERVICES
APNACX,APNA COMPLEX
INTSHL,INTERNSHALA
CRWNIT,CROWNIT
ITDEPT,INCOME TAX CPC
ENCRCL,ENCIRCLE
GENPAC,GENPACT
VERIFY,OTHERS
MYHOME,NIRMAL LIFE STYLE
APDPLC,AMARPRAKASH TEMPLEWAVES
FACEBK,FACEBOOK
NGROUP,NARAYANA GROUP
VISHAL,NAVIGATOR TUTORIALS
IMSIND,IMS TUTORIALS
DAMSCH,DAMS CHANDIGARH
ECOMEX,ECOM EXPRESS
MAHESH,MAHESH TUTORIAL
HIKEPN,HIKE MESSENGER
ARAMEX,ARAMEX
SBIPOS,STATE BANK OF INDIA
SBICLK,STATE BANK OF INDIA
SBISPL,STATE BANK OF INDIA
ASOSBI,STATE BANK OF INDIA
FSTCRY,FIRSTCRY
QUIKRR,QUIKR 
SULEKH,SULEKHA.COM
LITTLE,LITTLE APP
NBUYIN,NEARBUY INDIA
OLACAB,OLA CABS
DOMINO,DOMINO'S PIZZA
DDIMER,DESI DIMES
SFREEB,FREEB
EDEALS,DEALS N PRICE
IRCTCI,IRCTC
MYDALA,MYDALA
GOIBIB,GOIBIBO
FPANDA,FOODPANDA
RUMOUR,RUMOUR - LOUNGE
UBERIN,UBER INDIA
ZOPPER,ZOPPER
YFCFIT,YOUR FITNESS CLUB
BMSHOW,BOOKMYSHOW
MYNTRA,MYNTRA
TAXIFS,TAXIFORSURE
JABONG,JABONG
JUSTDL,JUST DIAL
IYEPME,YEP ME
ZIVAME,ZIVAME
INDIGO,INDIGO AIRLINES
SWIGGY,SWIGGY
AMSWAN,AMERICAN SWAN
PRPLLE,PURPLLE
PPPRTP,PEPPERTAP
GFXOXO,GIFT XOXO
BOXEHT,BOX EIGHT
SAMSNG,SAMSUNG
GROFRS,GROFERS
BIGBKT,BIG BASKET
LYBRAT,LYBRATE
IRSMSA,IRCTC
OLXIND,OLX INDIA
LNSKRT,LENSKART
MERUCB,MERUCABS
EISSMS,LENSKART
LENSKT,LENSKART
YUPPTV,YUPP TV
FNSPRB,FINISH PROBLEM
PHEASY,PHARMEASY
OYORMS,OYO ROOMS
HLACHF,HOLACHEF
CLUBMM,CLUB MAHINDRA
IBRYDE,RYDE
MMTRIP,MAKEMYTRIP
TNYOWL,TINY OWL
MMTAPP,MAKEMYTRIP
TRAVEL,VIA
MIXIGO,IXIGO
CLRTRP,CLEARTRIP
PZAHUT,PIZZA HUT
IMBLRT,INDIAMART
AMAZON,AMAZON
INDMRT,INDIAMART
FLPKRT,FLIPKART
EBAYIN,EBAY INDIA
GETCAL,GET APP
SNAPDL,SNAPDEAL
EASEMY,EASYMYTRIP
SHOPCL,SHOPCLUES
STRBZR,STAR BAZAAR
LMSHOP,LIFESTYLE
FAASOS,FAASOS
REDBUS,REDBUS
JETPRV,JET AIRWAYS
UASKME,ASK ME BAZAAR
ZOMATO,ZOMATO
ASKMEB,ASK ME BAZAAR
MERUPR,MERUCABS
SPICEJ,SPICE JET
BOOKER,BOOKER WHOLESALE
JETAIR,JET AIRWAYS
FRZMNU,FRESH MENU
JETWAY,JET AIRWAYS
AIRIND,AIR INDIA
GOAIRL,GO AIRLINES
MCDNLD,MCDONALDS
AIRTKT,EASE MY TRIP
SBSBIO,RAJSEE AYURVEDIC
ACTHYD,ACT FIBERNET
AIRCEL,AIRCEL
AECSTT,AIRCEL
AIRMTA,AIRTEL
AIRCCM,AIRTEL
MYTSKY,TATA SKY
ARWINF,AIRTEL
NTAROT,AIRTEL
WAYSMS,WAY 2 SMS
AIREXP,AIRTEL
AIROAM,AIRTEL
ARWSVC,AIRTEL
AIRSTR,AIRTEL
AIRAPP,AIRTEL
AIRTRF,AIRTEL
RECHRG,AIRTEL
VIDDTH,VIDEOCON D2H
ARWSLF,AIRTEL
AIRBBU,AIRTEL
AIRUPD,AIRTEL
UBHTUN,AIRTEL
AIRKCI,AIRTEL
AIRSEP,AIRTEL
AIRINF,AIRTEL
AIROTP,AIRTEL
AIRUSG,AIRTEL
AIRSLF,AIRTEL
AIRCCF,AIRTEL
DISHTV,DISHTV
AIRPWD,AIRTEL
AIRPMT,AIRTEL
TBUCKS,TASK BUCK
AIRTEL,AIRTEL
HLPCHT,HELPCHAT
AIRACR,AIRTEL
INDANE,INDANE
URCLAP,URBAN CLAP
AIRMAP,AIRTEL
AIRRTV,AIRTEL
RINFRA,RELIANCE INFRA
AIRSRV,AIRTEL
AIRAIR,AIRTEL
AIRCLP,AIRTEL
BPCLPG,BHARAT GAS
AIRCRE,AIRTEL
ZIMMBR,ZIMMBER
AIRFTA,AIRTEL
AIRINO,AIRTEL
CESCLM,CESC
AIRRPT,AIRTEL
AIRSIM,AIRTEL
AIRNWS,AIRTEL
HMWSSB,HYD MUNCIPALITY
AIRSWP,AIRTEL
AIRWLC,AIRTEL
BSNLCA,BSNL
PORTAL,BSNL
WYNKED,WYNK
BSNLIN,BSNL
WELCOM,BSNL
BSNLMO,BSNL
BILPAY,MAHADISCOM
BSNLDC,BSNL
HSEJOY,HOUSE JOY
RHTETT,EARN TALK TIME
DORMNT,DOOR MINT
RHTOTP,EARN TALK TIME
HATHWY,HATHWAY
IDEA,IDEA CELLULAR
IDEACA,IDEA CELLULAR
AIRDTH,AIRTEL DIGITAL TV
IDEAMN,IDEA CELLULAR
JOISTR,JOISTER
MTNLBL,MTNL
LLBILL,MTNL
MTSSER,MTS
MTSBIL,MTS
RELIAN,RELIANCE COMMUNICATION
JIONET,RELIANCE JIO
DOCOMO,TATA DOCOMO
AIRDTV,AIRTEL DIGITAL TV
NXLDAT,TATA DOCOMO
TDWIFI,TATA DOCOMO
TELNOR,TELENOR
TIKONA,TIKONA BROADBAND
ETOPUP,TELENOR
BNIFIT,UNINOR
VFCARE,VODAFONE
VDFONE,VODAFONE
VODAFO,VODAFONE
INFO,VODAFONE
AIRLNK,COCHIN INTERNATIONAL AIRPORT
VODAFN,VODAFONE
VOFONE,VODAFONE
UNNATI,UNNATI
ALERTS,OTHERS
UOSNET,OTHERS
VTCLFS,OTHERS
VUINFO,OTHERS
OFFER,OTHERS
DHARMD,OTHERS
OTPSMS,OTHERS
SUKART,OTHERS
XRBIAD,OTHERS
EPICRE,OTHERS
GROUPN,OTHERS
INDCOM,OTHERS
WNSADM,OTHERS
BRGKNG,OTHERS
NAVKAR,OTHERS
VRFSMS,OTHERS
BSEBTI,OTHERS
CASHON,OTHERS
CDSLTX,OTHERS
CLMORE,OTHERS
MAXFSN,OTHERS
MRMBSS,OTHERS
PLFSHN,OTHERS
TECHNO,OTHERS
AEGONL,OTHERS
CLUBCC,OTHERS
HARSHA,OTHERS
IILLTD,OTHERS
MYUNIV,OTHERS
SBRWDZ,OTHERS
CAREER,OTHERS
VOVINT,OTHERS
WHSAPP,OTHERS
XCEEDN,OTHERS
XPBEES,OTHERS
IHOMES,OTHERS
MSHOPO,OTHERS
WAYAPP,OTHERS
BALAJI,OTHERS
BBCARE,OTHERS
BPCLMS,OTHERS
CARDEK,OTHERS
DROOMT,OTHERS
EDIFFY,OTHERS
HMILCM,OTHERS
NNACRE,OTHERS
OZONEN,OTHERS
QTOLIV,OTHERS
RELGEN,OTHERS
TWITTR,OTHERS
XIAOMI,OTHERS
ANMKHJ,OTHERS
ATMSBH,OTHERS
DENTAL,OTHERS
GOHIKE,OTHERS
INDOFF,OTHERS
JEEVAN,OTHERS
OLAMNY,OTHERS
SPROFS,OTHERS
BIBAIN,OTHERS
BMSOTP,OTHERS
FINPLN,OTHERS
FPAALS,OTHERS
HPGASA,OTHERS
MRUPEE,OTHERS
MTSWIF,OTHERS
NSDLDP,OTHERS
SUVDHA,OTHERS
VITUNI,OTHERS
YOGDAY,OTHERS
INPROP,OTHERS
RDIGIT,OTHERS
ACETHR,OTHERS
AXBXSL,OTHERS
HOMCEN,OTHERS
MTRADE,OTHERS
OBCMPY,OTHERS
RELONE,OTHERS
VAAHAN,OTHERS
BATAIN,OTHERS
BYKUPP,OTHERS
COCUBE,OTHERS
GMSCHL,OTHERS
HOMECR,OTHERS
INDUSF,OTHERS
LOCOYE,OTHERS
PANTLS,OTHERS
PAYMAT,OTHERS
TRADEI,OTHERS
VELEXL,OTHERS
BIGBZR,OTHERS
CARTHR,OTHERS
CPEARL,OTHERS
DHCSMS,OTHERS
FROMCL,OTHERS
KDKSOF,OTHERS
MZIFFI,OTHERS
NETMDS,OTHERS
PEOPLE,OTHERS
SHOPCJ,OTHERS
TFGIFT,OTHERS
HBUDDY,OTHERS
KRAFTL,OTHERS
MEPCEN,OTHERS
NGPAYM,OTHERS
NOVLTY,OTHERS
SMARTP,OTHERS
SWEETS,OTHERS
TMJOBS,OTHERS
AASAAN,OTHERS
BBALRT,OTHERS
CWINES,OTHERS
EDELWS,OTHERS
FCTZEN,OTHERS
GNDSET,OTHERS
GODREJ,OTHERS
LIFTOS,OTHERS
MBPERK,OTHERS
MLODHA,OTHERS
MUTHUT,OTHERS
MYUDIO,OTHERS
NGAGEM,OTHERS
ROYLTY,OTHERS
RRBREG,OTHERS
UKBCMF,OTHERS
WECHTR,OTHERS
DEDNLS,OTHERS
FTCASH,OTHERS
GOJVAS,OTHERS
HPGASC,OTHERS
ICSINR,OTHERS
INFIBM,OTHERS
MAXGTM,OTHERS
MCSKMM,OTHERS
MEAPPS,OTHERS
METROS,OTHERS
MMOCHI,OTHERS
PNYFUL,OTHERS
SHOPAG,OTHERS
TFNEWS,OTHERS
BOBRWD,OTHERS
CWECLK,OTHERS
GOHOST,OTHERS
HPGASD,OTHERS
IMRTAP,OTHERS
INPOST,OTHERS
IPROFS,OTHERS
JUGNOO,OTHERS
LFLIVE,OTHERS
MHADAL,OTHERS
MMINDS,OTHERS
MTS,OTHERS
ONEPAY,OTHERS
PLVSMS,OTHERS
RELOFR,OTHERS
RWRDME,OTHERS
SUMITC,OTHERS
SURAVI,OTHERS
VIRALS,OTHERS
WSHNET,OTHERS
ALDMKT,OTHERS
ATCOST,OTHERS
BYTWOO,OTHERS
HOMSHP,OTHERS
HTCMPS,OTHERS
IODBTL,OTHERS
JHACDM,OTHERS
JYSMUM,OTHERS
MCONEC,OTHERS
MOSLMF,OTHERS
PROFIT,OTHERS
SHRKHN,OTHERS
SQUARE,OTHERS
SSHIFT,OTHERS
TATAMO,OTHERS
TGROUP,OTHERS
TRVLSY,OTHERS
VVSBNK,VVS BANK
ALMNMA,OTHERS
BBAJOB,OTHERS
CHAMPC,OTHERS
CWESPL,OTHERS
ICCARD,OTHERS
IONHLP,OTHERS
JALUKS,OTHERS
KHAZNA,OTHERS
KHOSLA,OTHERS
KRISHN,OTHERS
LICAAO,OTHERS
MISETS,OTHERS
MQUOPN,OTHERS
NOBRKR,OTHERS
PMCBNK,PMC BANK
RAJSMS,OTHERS
SNUMBM,OTHERS
SOLNKI,OTHERS
TALERT,OTHERS
WASANK,OTHERS
AMMISB,OTHERS
BBQNAT,OTHERS
BLKBRY,OTHERS
BMATRI,OTHERS
BWKOOF,OTHERS
CITYAS,OTHERS
CMNTRI,OTHERS
DAMSPG,OTHERS
ETALRT,OTHERS
FWALRT,OTHERS
HIRING,OTHERS
HTMUMB,OTHERS
HYDNSB,OTHERS
IIFLTD,OTHERS
KHADIM,OTHERS
KOOVSS,OTHERS
LIFSTL,OTHERS
MTNLPR,OTHERS
PIZHUT,OTHERS
PLUSIT,OTHERS
TAZEST,OTHERS
TLBBLR,OTHERS
TXNALE,OTHERS
UNINOR,OTHERS
YATRAA,OTHERS
APSRTC,OTHERS
BESTSM,OTHERS
CALDRP,OTHERS
CNRBMF,OTHERS
FASHON,OTHERS
HULWIN,OTHERS
INVEST,OTHERS
IPRUMF,OTHERS
JDSHOP,OTHERS
JSTBUY,OTHERS
KERKAR,OTHERS
MANIPL,OTHERS
MICROM,OTHERS
MTIGER,OTHERS
MYTIME,OTHERS
OLAINC,OTHERS
PROBTC,OTHERS
ROAM,OTHERS
TFPICK,OTHERS
UMOBIL,OTHERS
WECHAT,OTHERS
AVIVAI,OTHERS
BLABLA,OTHERS
CEO-AP,OTHERS
CLKIND,OTHERS
COEDLR,OTHERS
CTACAD,OTHERS
DFFSMS,OTHERS
DUSTER,OTHERS
FANMPS,OTHERS
HOUSJY,OTHERS
IBMKVC,OTHERS
ICPADK,OTHERS
JUSTDI,OTHERS
KALYAN,OTHERS
LANMRK,OTHERS
LPTUCH,OTHERS
MAAKLK,OTHERS
MAXLIT,OTHERS
MONVEW,OTHERS
MTNLIN,OTHERS
MYGENI,OTHERS
NABSKT,OTHERS
NSPANL,OTHERS
OFRCRG,OTHERS
PNBDBD,OTHERS
RRBEXM,OTHERS
SEEDIN,OTHERS
SMSMSG,OTHERS
SNPCHT,OTHERS
STORMV,OTHERS
UBICCR,OTHERS
VIJBNK,VIJAYA BANK
VIPULM,OTHERS
YOUBRO,OTHERS
ACCSLT,OTHERS
AMCBNK,APNA MOBILE BANKING
BABAJB,OTHERS
BSKOOL,OTHERS
CAPVIA,OTHERS
CENTRL,OTHERS
CFLOOR,OTHERS
CHILLR,OTHERS
CHOCDY,OTHERS
CMATRI,OTHERS
DVATDL,OTHERS
FLIPKT,OTHERS
FROMBM,OTHERS
GIONEE,OTHERS
HAPITO,OTHERS
HLTKRT,OTHERS
HPINFO,OTHERS
IBPSPO,OTHERS
IMOIMO,OTHERS
KANAKW,OTHERS
KPNSPS,OTHERS
KSRISK,OTHERS
MMONEY,OTHERS
MOMOES,OTHERS
MWORLD,OTHERS
MYSHPO,OTHERS
NASIAR,OTHERS
PACKIN,OTHERS
PRACTO,OTHERS
PRINCE,OTHERS
PRUEDU,PRUDENTIAL EDUCATION
SLIDEA,OTHERS
SMSSDL,OTHERS
SMSTXT,OTHERS
SRAVAN,OTHERS
SUNDMF,OTHERS
TAPFOX,OTHERS
TOPSTE,OTHERS
TRUBAL,OTHERS
TUPIND,OTHERS
UPSCEX,OTHERS
VAKILS,OTHERS
VMSSER,OTHERS
VOONIK,OTHERS
WHICHA,OTHERS
WNETIN,OTHERS
ACEACT,OTHERS
ALDINE,OTHERS
ARWALR,OTHERS
AVANCE,OTHERS
CHAATZ,OTHERS
CPOWER,OTHERS
CVHTUN,OTHERS
DELVRY,OTHERS
DIGIBK,OTHERS
FPACFP,OTHERS
GVCALL,OTHERS
HPDBTL,OTHERS
IMPTXN,OTHERS
INYKAA,OTHERS
JANAMB,OTHERS
JATCAB,OTHERS
JOP,OTHERS
LICHFL,OTHERS
MDLITE,OTHERS
METROI,OTHERS
NARYNA,OTHERS
NERALX,OTHERS
NICSMS,OTHERS
NRUPAT,OTHERS
PARTYC,OTHERS
PHONDA,OTHERS
REWARD,OTHERS
RFNBFC,OTHERS
SCLUES,OTHERS
SKCARS,OTHERS
SKRILO,OTHERS
STANCH,OTHERS
SUNSUR,OTHERS
SYNDBK,OTHERS
TAISPA,OTHERS
TAM,OTHERS
TXTMYP,OTHERS
VASSER,OTHERS
YTCNRN,OTHERS
YUMCHK,OTHERS
ZARDZI,OTHERS
AIARKP,OTHERS
APOLLO,OTHERS
ATHENA,OTHERS
BOMBBQ,OTHERS
BRKKIE,OTHERS
BSELTD,OTHERS
CHANDN,OTHERS
CHOMPZ,OTHERS
COINMT,OTHERS
CONVRS,OTHERS
CTDITM,OTHERS
DLOANS,OTHERS
DOGSPT,OTHERS
DRIVER,OTHERS
ERAGHU,OTHERS
EXCLSF,OTHERS
FOREVR,OTHERS
FTRADE,OTHERS
GOGOPL,OTHERS
HCSLIN,OTHERS
HMSHOP,OTHERS
HNGAMA,OTHERS
IIGJMU,OTHERS
IIMCAT,OTHERS
INFORM,OTHERS
INNSET,OTHERS
INOVSN,OTHERS
IPRULI,OTHERS
JAKHAR,OTHERS
JOTASI,OTHERS
KRISNA,OTHERS
MADESY,OTHERS
MCXLTD,OTHERS
MEESEV,OTHERS
MGCBRK,OTHERS
MOSWEB,OTHERS
MYDEAL,OTHERS
MYSMRT,OTHERS
NEXGTV,OTHERS
OMNIAP,OTHERS
ONEARN,OTHERS
ONLIME,OTHERS
PARCLD,OTHERS
PEPSIP,OTHERS
POLBAZ,OTHERS
PORTER,OTHERS
PPRFRY,OTHERS
REDHOT,OTHERS
REDIFF,OTHERS
RELMKT,OTHERS
RWASMS,OTHERS
SAMGLX,OTHERS
SHKSHA,OTHERS
SIAJEW,OTHERS
SMAASH,OTHERS
SOFTNH,OTHERS
SPARTN,OTHERS
SSTCOM,OTHERS
TABCAB,OTHERS
TATACD,OTHERS
TCIXPS,OTHERS
TCSTAG,OTHERS
THMCOK,OTHERS
TJSBSB,OTHERS
UBIRWZ,OTHERS
WADHWA,OTHERS
WEBSMS,OTHERS
ABHIJT,OTHERS
AMMACC,OTHERS
CCDSMS,OTHERS
CHBOSS,OTHERS
CITIAT,OTHERS
COMCON,OTHERS
COSTAC,OTHERS
COXKNG,OTHERS
CVILLA,OTHERS
DMRCEX,OTHERS
DSINGH,OTHERS
ETENCA,OTHERS
EXIDLI,OTHERS
FASHLT,OTHERS
FASTSU,OTHERS
HEALTH,OTHERS
HUNTER,OTHERS
HYPCTY,OTHERS
ICDROE,OTHERS
IDEAMI,OTHERS
IDEAWE,OTHERS
IFBCRM,OTHERS
IIMCAL,OTHERS
INCFIV,OTHERS
INFOSM,OTHERS
INMOJO,OTHERS
IREGIS,OTHERS
ITOKIO,OTHERS
ITQSMS,OTHERS
JAKPOT,OTHERS
JIOBAL,OTHERS
JUSTFX,OTHERS
JYATRA,OTHERS
LAFALA,OTHERS
LAFSHN,OTHERS
LALLAB,OTHERS
MARRYI,OTHERS
MAXHLT,OTHERS
MBLESS,OTHERS
MHESCH,OTHERS
MINDSC,OTHERS
MTNLET,OTHERS
MYADDA,OTHERS
MYBILL,OTHERS
NIMEPG,OTHERS
NUVOEX,OTHERS
OLASTR,OTHERS
PMMODI,OTHERS
PTRENG,OTHERS
QKWLLT,OTHERS
QUICKP,OTHERS
RASILK,OTHERS
REGALR,OTHERS
RJDOIT,OTHERS
RLICOL,OTHERS
ROZGAR,OTHERS
SBHSRK,OTHERS
SEEDOC,OTHERS
SMSAPP,OTHERS
SPORTX,OTHERS
SRECEP,OTHERS
TATAPR,OTHERS
TCSSMS,OTHERS
TFBARS,OTHERS
TGIFIN,OTHERS
TLCIND,OTHERS
TTFOUR,OTHERS
UBERCH,OTHERS
UNQMSS,OTHERS
UTUSSD,OTHERS
VACODE,OTHERS
VERSMS,OTHERS
VKALPA,OTHERS
VSIPAY,OTHERS
ZAFIRE,OTHERS
ZRODHA,OTHERS
AIIMSD,OTHERS
AMYDUS,OTHERS
ARWBKT,OTHERS
ASHISH,OTHERS
ASTORE,OTHERS
AXISCC,OTHERS
AYATRA,OTHERS
BBALER,OTHERS
BOISTR,OTHERS
BTCPRO,OTHERS
BVICAM,OTHERS
CAPFST,OTHERS
CATHAY,OTHERS
CGLIND,OTHERS
CHATWE,OTHERS
CTANOW,OTHERS
DTUSMS,OTHERS
EMUDSC,OTHERS
EUREKA,OTHERS
FNPCOM,OTHERS
FREEPS,OTHERS
FRIEND,OTHERS
GLDGYM,OTHERS
GREDGE,OTHERS
HICARE,OTHERS
HOLDIQ,OTHERS
HOUJOY,OTHERS
HPGASE,OTHERS
IMONEY,OTHERS
INEXTP,OTHERS
ISECLD,OTHERS
ISENDD,OTHERS
JIOJOI,OTHERS
JOTISI,OTHERS
KARVYT,OTHERS
KCBANK,OTHERS
KNSBNK,KNS BANK
KPAYTM,OTHERS
LENOVO,OTHERS
LOANSS,OTHERS
MAHGOV,OTHERS
MAHIND,OTHERS
MKAFFE,OTHERS
MKMYTR,OTHERS
MSOLLY,OTHERS
NEUSRC,OTHERS
NOTIFY,OTHERS
NSDCST,OTHERS
ONDOOR,OTHERS
OYSTER,OTHERS
PAISAA,OTHERS
PASBAZ,OTHERS
PIKNGO,OTHERS
PREPAI,OTHERS
PROPTY,OTHERS
PTHANE,OTHERS
PURNIK,OTHERS
SAHERO,OTHERS
SALARY,OTHERS
SECDBA,OTHERS
SERVCE,OTHERS
SPACDY,OTHERS
TOPPRS,OTHERS
TSPPSC,OTHERS
UBERHY,OTHERS
UBERJP,OTHERS
UNISTR,OTHERS
VMCIND,OTHERS
VTROAM,OTHERS
WALNUT,OTHERS
WOXSEN,OTHERS
WTLOSS,OTHERS
WWICSG,OTHERS
ZOOMCR,OTHERS
ACOSTA,OTHERS
ADMISN,OTHERS
ADVANC,OTHERS
ADVRSG,OTHERS
AIAJIN,OTHERS
ALIENS,OTHERS
ALOKVP,OTHERS
AMWAYI,OTHERS
ANGELS,OTHERS
ATHOME,OTHERS
ATMSMS,OTHERS
BABYOY,OTHERS
BAJAJ,OTHERS
BOBADC,OTHERS
BPLPGB,OTHERS
BPOJOB,OTHERS
BSTATL,OTHERS
C-CARE,OTHERS
CANADA,OTHERS
CCAVEN,OTHERS
CLUBMH,OTHERS
CMSBSB,OTHERS
CNFTKT,OTHERS
DBALRT,OTHERS
DBSBNK,DBS BANK
DELTRF,OTHERS
DHOBLT,OTHERS
DOCEYE,OTHERS
DRISTI,OTHERS
EASEBZ,OTHERS
EATSOM,OTHERS
EDWISE,OTHERS
ESTORE,OTHERS
EZETAP,OTHERS
FELITE,OTHERS
FPAISA,OTHERS
FREEMI,OTHERS
GGISJP,OTHERS
GLOBAL,OTHERS
GRABDB,OTHERS
GRDGRP,OTHERS
GRESMS,OTHERS
GUDDUN,OTHERS
GURUKL,OTHERS
HARIKR,OTHERS
HMCLTD,OTHERS
ICROWD,OTHERS
IIBFNM,OTHERS
IMMSVD,OTHERS
IMOSMS,OTHERS
INFOMN,OTHERS
INFORK,OTHERS
ISAGBL,OTHERS
JOATID,OTHERS
KANKHJ,OTHERS
KKJHAA,OTHERS
KKSDHC,OTHERS
KLSETY,OTHERS
KOLJOB,OTHERS
KRUMMY,OTHERS
KVBANK,OTHERS
LAKHPA,OTHERS
LDMRKT,OTHERS
MBGOLD,OTHERS
MEDART,OTHERS
MRLPOS,OTHERS
MYGFTR,OTHERS
MYPUNK,OTHERS
NATRAJ,OTHERS
NITEOT,OTHERS
NSBBLR,OTHERS
NSDLTN,OTHERS
OFFICE,OTHERS
PAULOT,OTHERS
PGULLY,OTHERS
PRISMM,OTHERS
PURPLE,OTHERS
QUALIT,OTHERS
RBSIND,OTHERS
RELIGR,OTHERS
RINGCA,OTHERS
ROBMRT,OTHERS
RRELEC,OTHERS
SBBJNB,OTHERS
SBHOBC,OTHERS
SEEDCH,OTHERS
SGILTD,OTHERS
SHILLS,OTHERS
SKYLIN,OTHERS
SPCJET,OTHERS
SSFRST,OTHERS
STRHOL,OTHERS
T24,OTHERS
TAXSMS,OTHERS
TDSMAN,OTHERS
TIMECB,OTHERS
TLGRAM,OTHERS
TMLBSG,OTHERS
TOLEXO,OTHERS
TRUWEL,OTHERS
TSHSRP,OTHERS
UBIIRC,OTHERS
ULTCSH,OTHERS
UMEDCL,OTHERS
UPSCOR,OTHERS
UTIPAN,OTHERS
VIKALP,OTHERS
VISHNU,OTHERS
WEBSVC,OTHERS
WOWEXP,OTHERS
ZOOMER,OTHERS
AAKAAR,OTHERS
ABLISS,OTHERS
ACBLBK,OTHERS
ADIDAS,OTHERS
ADZYNC,OTHERS
AGMITS,OTHERS
AKREXP,OTHERS
ALIVOS,OTHERS
APNABK,OTHERS
ASHRVD,OTHERS
ASKPAY,OTHERS
BENTTN,OTHERS
BIMTGG,OTHERS
BLUEBK,OTHERS
BLUSTN,OTHERS
BNKBZR,BANK BAZAAR
BOIATM,OTHERS
BPLPGA,OTHERS
BSNLBI,OTHERS
BUBBLY,OTHERS
BVIMED,OTHERS
CAEXAM,OTHERS
CAREWL,OTHERS
CARWAL,OTHERS
CBSSBJ,OTHERS
CCARE,OTHERS
CLCARE,OTHERS
CMATRM,OTHERS
CPMUMB,OTHERS
CSINFO,OTHERS
CUBSMS,OTHERS
DHBVNL,OTHERS
DHFLTD,OTHERS
DIGIND,OTHERS
DIVYAS,OTHERS
DOTCAB,OTHERS
DSIMKI,OTHERS
DUDEJA,OTHERS
EBAZAR,OTHERS
EDUWIZ,EDU WIZARDS
EXPERT,OTHERS
FBOOK,OTHERS
FELDER,OTHERS
FINDMY,OTHERS
FORMSD,OTHERS
FORTUN,OTHERS
FREEDM,OTHERS
FTALRT,OTHERS
GAJTYY,OTHERS
GAPIND,OTHERS
GAURAV,OTHERS
GHONDA,OTHERS
GLOBFO,OTHERS
GRNTNZ,OTHERS
GSHLDZ,OTHERS
HANDGO,OTHERS
HCLINF,OTHERS
HIRAHO,OTHERS
HMCGLP,OTHERS
HOLIIN,OTHERS
HRYSSC,OTHERS
HSBCBK,OTHERS
IFFGEA,OTHERS
IFPLTD,OTHERS
IIFLFN,OTHERS
IIRMPG,OTHERS
IKYAHR,OTHERS
INOXMV,OTHERS
ITSOUR,OTHERS
JAMIAT,OTHERS
JATANS,OTHERS
JIOMNY,OTHERS
JNSTYG,OTHERS
KCMITT,OTHERS
KFCIND,OTHERS
MAIDHR,OTHERS
MDCARE,OTHERS
MEWARG,OTHERS
MOBIKN,OTHERS
MODIHY,OTHERS
MONEYS,OTHERS
MSWIPE,OTHERS
MTAIND,OTHERS
MTRPLS,OTHERS
MUMBFR,OTHERS
NBEXAM,OTHERS
NMAPPS,OTHERS
NPAVIN,OTHERS
NSETEC,OTHERS
NSIMHA,OTHERS
NVLINE,OTHERS
OLAUTO,OTHERS
OPTION,OTHERS
OTAHYD,OTHERS
OTAMUM,OTHERS
OVMEDI,OTHERS
PAYOYE,OTHERS
PCCLUB,OTHERS
PICASO,OTHERS
PIZEXP,OTHERS
PRAVIN,OTHERS
PRPSMS,OTHERS
PSBANK,OTHERS
QKCABS,OTHERS
RECREM,OTHERS
RENAUT,OTHERS
RFDRCT,OTHERS
RINGOX,OTHERS
RINGVF,OTHERS
RMAFIA,OTHERS
ROPMUM,OTHERS
RRGINV,OTHERS
RTIKKU,OTHERS
SAIRAM,OTHERS
SAMPRK,OTHERS
SANKLP,OTHERS
SDALAL,OTHERS
SHAKTI,OTHERS
SHONDA,OTHERS
SHYAMA,OTHERS
SKWHLS,OTHERS
SMHSJP,OTHERS
SONA,OTHERS
SPINII,OTHERS
SSCBLE,OTHERS
SSIPLR,OTHERS
STRETO,OTHERS
STRTRD,OTHERS
STSANG,OTHERS
STSELR,OTHERS
TANGED,OTHERS
TAZICA,OTHERS
TBRAND,OTHERS
TELBUY,OTHERS
THYRTL,OTHERS
TRMPRC,OTHERS
TRNGXS,OTHERS
TRSHYD,OTHERS
TRUECL,OTHERS
TRUKKY,OTHERS
TTOPUP,OTHERS
UNIMCA,OTHERS
VBSSMS,OTHERS
VIGNAN,OTHERS
VJIMPI,OTHERS
VLCCCC,OTHERS
VOYLLA,OTHERS
VTATSU,OTHERS
WEINFO,OTHERS
WSTRLY,OTHERS
WYNKIN,OTHERS
ZENPRO,OTHERS
ACEENG,OTHERS
ACESQR,OTHERS
ADLABS,OTHERS
ADSTUK,OTHERS
ALLERT,OTHERS
ALSCHR,OTHERS
AMCATX,OTHERS
AMHICL,OTHERS
AMULYM,OTHERS
ANDHRA,OTHERS
ANJMKH,OTHERS
ANJMKJ,OTHERS
APNZON,OTHERS
APTRLS,OTHERS
ASCIIC,OTHERS
ASIANT,OTHERS
ASPLTD,OTHERS
ASTRAL,OTHERS
ASTROL,OTHERS
AWPSPL,OTHERS
AXISMG,OTHERS
BAAROT,OTHERS
BACHAT,OTHERS
BAJAJA,OTHERS
BEBTEC,OTHERS
BILDSK,OTHERS
BITCON,OTHERS
BLSEYE,OTHERS
BMCGRP,OTHERS
BMLUNV,OTHERS
BOBMOB,OTHERS
BOMRWD,OTHERS
BOUNTY,OTHERS
BSETIP,OTHERS
BSLAMC,OTHERS
BSNL,OTHERS
BUILDR,OTHERS
BULLSS,OTHERS
BYJUSC,OTHERS
CANTBL,OTHERS
CARENT,OTHERS
CCCARE,OTHERS
CELIOF,OTHERS
CGPSCN,OTHERS
CHABIR,OTHERS
CLKMNY,OTHERS
CMDSMS,OTHERS
COPINF,OTHERS
COURSE,OTHERS
CRDCOM,OTHERS
CSHBOX,OTHERS
CTYSHR,OTHERS
DENGUE,OTHERS
DEVILC,OTHERS
DHCARE,OTHERS
DHEARN,OTHERS
DITTOT,OTHERS
DOCTRC,OTHERS
DOMAIN,OTHERS
DOTZOT,OTHERS
DRCALL,OTHERS
DRMELV,OTHERS
DSPBLK,OTHERS
EACTKL,OTHERS
EASYTR,OTHERS
ECROMA,OTHERS
EILCRM,OTHERS
EKETTO,OTHERS
ELITMS,OTHERS
EMIRAT,OTHERS
EPICRS,OTHERS
FAMCRD,OTHERS
FITARD,OTHERS
GATEFM,OTHERS
GATIXX,OTHERS
GAURPR,OTHERS
GCAREI,OTHERS
GETJOB,OTHERS
GITAMU,OTHERS
GROCER,OTHERS
GYANEC,OTHERS
HDFCDC,OTHERS
HDFCRG,OTHERS
HHLHLP,OTHERS
HMSTOP,OTHERS
HOUSNG,OTHERS
HPGOVT,OTHERS
HTWAIT,OTHERS
HUGEPR,OTHERS
IDEABI,OTHERS
IHOAPT,OTHERS
IIBFIT,OTHERS
INFOMT,OTHERS
INSBNC,OTHERS
INSURE,OTHERS
INTECH,OTHERS
INTORG,OTHERS
IOBOTP,OTHERS
ISBAFA,OTHERS
ISTLCL,OTHERS
ITGICO,OTHERS
IVIDYA,OTHERS
JAINCO,OTHERS
JCTCOM,OTHERS
JIVANI,OTHERS
JNTUHY,OTHERS
JSSCJE,OTHERS
KARANI,OTHERS
KARUNY,OTHERS
KHNMKT,OTHERS
KHUSHI,OTHERS
KOTAKL,OTHERS
KPNBUS,OTHERS
KRYMFS,OTHERS
LAUNCH,OTHERS
LAWYER,OTHERS
LERIDA,OTHERS
LIMERD,OTHERS
LMLEAF,OTHERS
LPUNIV,OTHERS
LUCK,OTHERS
LUXURY,OTHERS
MADANI,OTHERS
MAKEIN,OTHERS
MANGOR,OTHERS
MARUTI,OTHERS
MATCFY,OTHERS
MAXBUP,OTHERS
MAXMUM,OTHERS
MBAMBA,OTHERS
MBAMCA,OTHERS
MBAUNI,OTHERS
MBILLP,OTHERS
MBUDDY,OTHERS
MCHINA,OTHERS
MCRSFT,OTHERS
MERAJB,OTHERS
MGLLTD,OTHERS
MHNDRA,OTHERS
MINING,OTHERS
MITBCS,OTHERS
MOBWAL,OTHERS
MOMNME,OTHERS
MORLFE,OTHERS
MRKOTU,OTHERS
MRRGHT,OTHERS
MTEDUC,ROBOMATE
MTUTOR,OTHERS
MUMFRS,OTHERS
MYCOIN,OTHERS
MYDENT,OTHERS
MYPLOT,OTHERS
MYSITE,OTHERS
NANOCL,OTHERS
NEEETA,OTHERS
NEERAJ,OTHERS
NETEAM,OTHERS
NETSMS,OTHERS
NETVD,OTHERS
NEWJOB,OTHERS
NGIITM,OTHERS
NJOYTX,OTHERS
NPCINF,OTHERS
NSRBUS,OTHERS
OLA,OTHERS
OLACAF,OTHERS
OPINIO,OTHERS
OTAVOS,OTHERS
PAAYUR,OTHERS
PALAVA,OTHERS
PARAGS,OTHERS
PARLEM,OTHERS
PAYZAM,OTHERS
PCKMYL,OTHERS
PLEDGE,OTHERS
PLGGDD,OTHERS
PNBHFL,OTHERS
PNSION,OTHERS
PORTEA,OTHERS
PSECUR,OTHERS
PULLRP,OTHERS
PUMASP,OTHERS
PVRCIN,OTHERS
QUACKQ,OTHERS
QUIKRX,OTHERS
RACRES,OTHERS
RADIUS,OTHERS
RADYAN,OTHERS
RAJPOL,OTHERS
RANBOW,OTHERS
RAOIIT,OTHERS
RAYMND,OTHERS
RCSHOE,OTHERS
REALTY,OTHERS
RELJIO,OTHERS
RENESH,OTHERS
REPAIR,OTHERS
RESOSM,OTHERS
RFPPSC,OTHERS
RITECH,OTHERS
ROOMOC,OTHERS
RPSCAJ,OTHERS
RSPDMO,OTHERS
SARANG,OTHERS
SARVGN,OTHERS
SAVARI,OTHERS
SAXENA,OTHERS
SCBANK,OTHERS
SEESHA,OTHERS
SGROUP,OTHERS
SHANTI,OTHERS
SHINEM,OTHERS
SHIRDI,OTHERS
SHIVAM,OTHERS
SHPLYN,OTHERS
SHYAMS,OTHERS
SIDDHA,OTHERS
SMETRO,OTHERS
SMSINF,OTHERS
SQYARD,OTHERS
SRLPRF,OTHERS
STARIN,OTHERS
STRATO,OTHERS
SWECED,OTHERS
SWTKNA,OTHERS
SYNDPG,OTHERS
TANUJA,OTHERS
TFADTT,OTHERS
TSRTCO,OTHERS
TTIMES,OTHERS
TUIIND,OTHERS
TWENTY,OTHERS
UNIQUE,OTHERS
URBANL,OTHERS
VACNCY,OTHERS
VASRTL,OTHERS
VCOMSN,OTHERS
VERIZN,OTHERS
VIPIND,OTHERS
VMADMN,OTHERS
VOASIS,OTHERS
VTLSER,OTHERS
WASAND,OTHERS
WAVESS,OTHERS
WEBPRO,OTHERS
WHAAKY,OTHERS
WRNGLR,OTHERS
XAVIER,OTHERS
XGENPL,OTHERS
XXAMEX,OTHERS
YGENIE,OTHERS
YPAISA,OTHERS
ZOPNOW,OTHERS
AAIATC,OTHERS
AARAMS,OTHERS
ABIBLT,OTHERS
ABIBUS,OTHERS
ABROAD,OTHERS
ACCEPT,OTHERS
ADC,OTHERS
ADMHLP,OTHERS
ADRESS,OTHERS
AFFORD,OTHERS
AHSJOB,OTHERS
ALAILA,OTHERS
ALCARE,OTHERS
ALPHAR,OTHERS
ALTSMS,OTHERS
AMETUN,OTHERS
AMONEY,OTHERS
ANDCHL,OTHERS
ANGELB,OTHERS
ANMUKJ,OTHERS
ANSALS,OTHERS
APNVAL,OTHERS
ARISOC,OTHERS
ARVIND,OTHERS
ARYANS,OTHERS
ASSIST,OTHERS
ATMSBJ,OTHERS
AUDDEN,OTHERS
AXLOAN,OTHERS
BAGICL,OTHERS
BASKET,OTHERS
BATRAS,OTHERS
BBQNRE,OTHERS
BEAMTL,OTHERS
BESTPR,OTHERS
BGCITY,OTHERS
BICHCC,OTHERS
BIKEDK,OTHERS
BILLDE,OTHERS
BIZOFF,OTHERS
BODHIS,OTHERS
BSETRD,OTHERS
BSNLCG,OTHERS
BSNLCH,OTHERS
BSNLKL,OTHERS
BSNLSZ,OTHERS
BSTPRC,OTHERS
BUCKER,OTHERS
BUENOK,OTHERS
BULLSI,OTHERS
BYAMPL,OTHERS
BYJUGS,OTHERS
BYJUIS,OTHERS
CAMSKR,OTHERS
CANVER,OTHERS
CAREGO,OTHERS
CAREOG,OTHERS
CARNVL,OTHERS
CARTRD,OTHERS
CCRIND,OTHERS
CDUNIA,OTHERS
CEOKER,OTHERS
CHAUKT,OTHERS
CHOHAN,OTHERS
CITIPM,OTHERS
CLDBNK,OTHERS
CMCDNR,OTHERS
CMRJWL,OTHERS
COLABA,OTHERS
COMPLX,OTHERS
COMREG,OTHERS
CONECT,OTHERS
CONTRA,OTHERS
CONTRL,OTHERS
COSMOS,OTHERS
CREDIH,OTHERS
CROADS,OTHERS
CRSWRD,OTHERS
CRYIND,OTHERS
CTYKRT,OTHERS
CTYLYF,OTHERS
CUREWL,OTHERS
CVRFOX,OTHERS
CWERRB,OTHERS
CYMNUM,OTHERS
DAMAAC,OTHERS
DASTVS,OTHERS
DCTHLN,OTHERS
DEALNU,OTHERS
DELNCR,OTHERS
DGMVIZ,OTHERS
DHCBAP,OTHERS
DHFLPR,OTHERS
DINSTA,OTHERS
DIVEDI,OTHERS
DIWALI,OTHERS
DLCHEF,OTHERS
DLYOBJ,OTHERS
DOFCAD,OTHERS
DOLFIN,OTHERS
DOSTIR,OTHERS
DREAMG,OTHERS
DRMHMS,OTHERS
DUBAII,OTHERS
DUNKIN,OTHERS
DVIDYA,OTHERS
EARNRC,OTHERS
ECISMS,OTHERS
EDALTA,OTHERS
EHELIM,OTHERS
ENGAGE,OTHERS
ENKENT,OTHERS
ENRICH,OTHERS
EPDSMS,OTHERS
EPFO,OTHERS
ERAFOI,OTHERS
ESWRLD,OTHERS
EUORGP,OTHERS
EXPLRA,OTHERS
EYELAN,OTHERS
EZEEGO,OTHERS
FALCON,OTHERS
FBMNST,OTHERS
FFLOAN,OTHERS
FIRSTF,OTHERS
FLAATZ,OTHERS
FMADDA,OTHERS
FRANIN,OTHERS
FRANKD,OTHERS
FRNKLY,OTHERS
FULLON,OTHERS
GADGET,OTHERS
GASTRO,OTHERS
GBCBNK,GREATER BANK
GEEBEE,OTHERS
GENTAY,OTHERS
GHMCHY,OTHERS
GLBASC,OTHERS
GLDPLS,OTHERS
GLOWAD,OTHERS
GOCPTL,OTHERS
GOLOCO,OTHERS
GPICKS,OTHERS
GREEDG,OTHERS
GROMTR,OTHERS
GURGON,OTHERS
GVLOAN,OTHERS
HAIRGR,OTHERS
HARRYZ,OTHERS
HDFCPL,OTHERS
HDLOVE,OTHERS
HEENAT,OTHERS
HERITG,OTHERS
HGTUTR,OTHERS
HHJOBS,OTHERS
HINDUS,OTHERS
HIPPOI,OTHERS
HITECH,OTHERS
HLTHNS,OTHERS
HNSMSG,OTHERS
HONDAC,OTHERS
HOPPRK,OTHERS
HORNET,OTHERS
HOUSEF,OTHERS
HRBLCK,OTHERS
HRSTOP,OTHERS
HUSHIN,OTHERS
IBULLS,OTHERS
ICLOUD,OTHERS
IDFCHR,OTHERS
IDJUBO,OTHERS
IELTSI,OTHERS
IELTSL,OTHERS
IFASTL,OTHERS
IGNOUM,OTHERS
IIFLGL,OTHERS
IISCIN,OTHERS
IM-ACT,OTHERS
IMAGCA,OTHERS
IMFRSH,OTHERS
IMRBIN,OTHERS
IMRIET,OTHERS
INCOME,OTHERS
INDFIL,OTHERS
INDMON,OTHERS
INFAIR,OTHERS
INFJOB,OTHERS
INKOCN,OTHERS
INSTYL,OTHERS
INTEXX,OTHERS
IORDER,OTHERS
IORDFR,OTHERS
IPROFL,OTHERS
IRDAJO,OTHERS
ISHATS,OTHERS
JBDGRP,OTHERS
JCBJEW,OTHERS
JDDOCT,OTHERS
JEEVES,OTHERS
JHRPDS,OTHERS
JMKING,OTHERS
JNCJNC,OTHERS
JOYAPP,OTHERS
JPEARL,OTHERS
JSTDLI,OTHERS
JSTMSG,OTHERS
JUSTKT,OTHERS
KACSMS,OTHERS
KANAKR,OTHERS
KARVYD,OTHERS
KCKMOV,OTHERS
KDSKRT,OTHERS
KMGARG,OTHERS
LAHOME,OTHERS
LBANYA,OTHERS
LDYMEM,OTHERS
LETSIN,OTHERS
LETVIN,OTHERS
LGCARE,OTHERS
LOANBT,OTHERS
LODHAA,OTHERS
LOGINX,OTHERS
LOOKUP,OTHERS
LSHINE,OTHERS
LUCKYD,OTHERS
MAHDEV,OTHERS
MAHEKK,OTHERS
MAHHOL,OTHERS
MAKERS,OTHERS
MANGOB,OTHERS
MANISH,OTHERS
MAPLEH,OTHERS
MARBLE,OTHERS
MARGAD,OTHERS
MASTER,OTHERS
MATRIX,OTHERS
MAXTEC,OTHERS
MBBSBE,OTHERS
MBDEED,OTHERS
MCAHYD,OTHERS
MCXGRP,OTHERS
MCXIND,OTHERS
MEDLBZ,OTHERS
MEDWAY,OTHERS
MEMBER,OTHERS
MENTOR,OTHERS
MGMRET,OTHERS
MGUEST,OTHERS
MICWEB,OTHERS
MINCIT,OTHERS
MITSOG,OTHERS
MITTAL,OTHERS
MKTVIW,OTHERS
MMCALL,OTHERS
MMMNGO,OTHERS
MMSIND,OTHERS
MNDLNK,OTHERS
MOSLDP,OTHERS
MOSSIP,OTHERS
MRADIX,OTHERS
MRCARE,OTHERS
MSGMSG,OTHERS
MSILDL,OTHERS
MTSNET,OTHERS
MTWIFI,OTHERS
MUDRAA,OTHERS
MUFTII,OTHERS
MUMMUM,OTHERS
MUOTBS,OTHERS
MUTFCL,OTHERS
MYBABY,OTHERS
MYCABZ,OTHERS
MYCAMS,OTHERS
MYHELP,OTHERS
MYMEGA,OTHERS
MYSTIC,OTHERS
MYWOFR,OTHERS
NAMOPM,OTHERS
NAVERL,OTHERS
NAWABH,OTHERS
NETHWY,OTHERS
NETJOB,OTHERS
NEXGEN,OTHERS
NGEAGR,OTHERS
NIBFCG,OTHERS
NICAOF,OTHERS
NIESSS,OTHERS
NIRMAL,OTHERS
NIRMAN,OTHERS
NLOGIN,OTHERS
NOVAST,OTHERS
NRSVNP,OTHERS
NTMEDS,OTHERS
ODSSEY,OTHERS
ODZAPP,OTHERS
OFICEE,OTHERS
OLVBRD,OTHERS
ONEAPP,OTHERS
ONETCH,OTHERS
ONSUIO,OTHERS
OPNHSE,OTHERS
OPTEXP,OTHERS
OYIRCT,OTHERS
OYOSMS,OTHERS
PBSACS,OTHERS
PHYSIO,OTHERS
PINSMS,OTHERS
PKTLWR,OTHERS
PLATNM,OTHERS
PMCTAX,OTHERS
PNBMET,OTHERS
PNLSTN,OTHERS
PRATAP,OTHERS
PRAXIS,OTHERS
PRHOUR,OTHERS
PRNTLD,OTHERS
PROEDU,PROFOUND
PROMET,OTHERS
PRPWLA,OTHERS
PSPORT,OTHERS
PVCARE,OTHERS
QCESPL,OTHERS
QUIFRS,OTHERS
RAEHJA,OTHERS
RAHULD,OTHERS
RAILWR,OTHERS
RAMHON,OTHERS
RANKJN,OTHERS
RAPIDO,OTHERS
RAPPIO,OTHERS
REGNCY,OTHERS
RENULT,OTHERS
RESRCH,OTHERS
RGBCMC,OTHERS
RHNIIT,NIIT
RSPRSD,OTHERS
RSTORE,OTHERS
RTNITE,OTHERS
RUDEPW,RUDE LOUNGE
SABNET,OTHERS
SACHIN,OTHERS
SAGARG,OTHERS
SAMCOO,OTHERS
SAMWRT,OTHERS
SAMYAM,OTHERS
SATCOC,OTHERS
SBOCAS,OTHERS
SBPINB,STATE BANK OF PATIALA
SBUXIN,OTHERS
SDCORP,OTHERS
SEEDIM,OTHERS
SEEDPL,OTHERS
SFOKAT,OTHERS
SGIEDU,SURYADUTTA PUNE
SHARAN,OTHERS
SHIPLR,OTHERS
SHOPCT,OTHERS
SHOPSI,OTHERS
SHOWSH,OTHERS
SHUNIV,OTHERS
SIKSHA,OTHERS
SKSWOR,OTHERS
SLACON,OTHERS
SLIQBT,OTHERS
SMSWEB,OTHERS
SNDHYA,OTHERS
SNPAPP,OTHERS
SOBADV,OTHERS
SOIEIN,OTHERS
SPARHM,OTHERS
SPDPAY,OTHERS
SPLABS,OTHERS
SPLASH,OTHERS
SPRNGW,OTHERS
SQYRDS,OTHERS
SRGRUP,OTHERS
SRJOBS,OTHERS
SRLLAB,SRL LABS
SSEOSS,OTHERS
SSKYPE,OTHERS
SSSBPB,OTHERS
STARHS,OTHERS
STAYZL,STAYZILLA
STRETS,OTHERS
STUFFD,STUFFED
SUNJEW,OTHERS
SURESR,OTHERS
SURNDR,OTHERS
SWISSL,OTHERS
SYARDS,OTHERS
SYMBIO,OTHERS
SYNBNK,SYNDICATE BANK
SYNEPB,OTHERS
TACOBL,OTHERS
TAGINS,OTHERS
TANVIE,OTHERS
TASTRO,OTHERS
TATAMT,OTHERS
TATSIA,OTHERS
TBALRT,OTHERS
TCWAEV,OTHERS
TDSCPC,OTHERS
TELEGR,OTHERS
TESTIN,OTHERS
TESYNC,OTHERS
TFSDEL,OTHERS
TGHRKS,OTHERS
TLRONE,OTHERS
TMADLY,OTHERS
TMZONE,OTHERS
TNREVE,OTHERS
TOLFRE,OTHERS
TPFRBD,OTHERS
TPOWER,OTHERS
TRNING,OTHERS
TRUBPO,OTHERS
TRUMPP,OTHERS
TSCABL,OTHERS
TSKBOB,OTHERS
TSTDMG,OTHERS
TURANT,OTHERS
TWITTE,OTHERS
UBCLAP,OTHERS
UBERPN,OTHERS
UNLCKR,OTHERS
UPDATE,OTHERS
URBIST,OTHERS
URBTRE,OTHERS
USVISA,OTHERS
UTIAMC,OTHERS
VBJOBS,OTHERS
VCHARE,OTHERS
VIBERR,OTHERS
VIBESS,OTHERS
VIDEOC,OTHERS
VIMSPL,OTHERS
VISTRA,OTHERS
VKMAMA,OTHERS
VMOBIL,OTHERS
VNSOFT,OTHERS
VOLTAS,OTHERS
VOTERS,OTHERS
VPCARE,OTHERS
VPSVBN,OTHERS
VULCAN,OTHERS
WBIFMS,OTHERS
WBSITE,OTHERS
WEALTH,OTHERS
WEXTRA,OTHERS
WGHTLS,OTHERS
WGTLOS,OTHERS
WMINFO,OTHERS
WOOAPP,OTHERS
WPLSVC,OTHERS
WUERTH,OTHERS
WWICSD,OTHERS
WYNKIT,OTHERS
WYNKMO,OTHERS
ZAGGLE,OTHERS
ZETAAA,OTHERS
ZPDIAL,OTHERS
AADISH,OTHERS
AANAND,OTHERS
ABHAYG,OTHERS
ABKMPY,OTHERS
ABPLMF,OTHERS
ABSBLG,OTHERS
ACECTY,OTHERS
ACEGOL,OTHERS
ACEHYD,OTHERS
ACESQY,OTHERS
ACHARY,OTHERS
ACHRYA,OTHERS
ACTIVE,OTHERS
ADAOTP,OTHERS
ADARSH,OTHERS
ADDMIN,OTHERS
ADITYA,OTHERS
ADMMBA,OTHERS
ADMNIN,OTHERS
ADMSON,OTHERS
ADMSSN,OTHERS
ADPUNE,OTHERS
ADROBE,OTHERS
ADVCOT,OTHERS
ADVERT,OTHERS
ADVOCT,OTHERS
AGLOAN,OTHERS
AGMNLR,OTHERS
AGRWAL,OTHERS
AGSCIN,OTHERS
AGUSML,OTHERS
AHELPR,OTHERS
AHMUMB,OTHERS
AIRADM,OTHERS
AISLCO,OTHERS
AJMERA,OTHERS
ALCORP,OTHERS
ALDINF,OTHERS
ALERTX,OTHERS
ALICIL,OTHERS
ALLMOB,OTHERS
ALLWAY,OTHERS
ALOHIA,OTHERS
ALOTSL,OTHERS
AMADMI,OTHERS
AMBTON,OTHERS
AMCHAD,OTHERS
AMEXCC,OTHERS
AMEXIN,OTHERS
AMIMUM,OTHERS
AMITJS,OTHERS
AMITSH,OTHERS
AMSHOP,OTHERS
ANDBNK,ANDHRA BANK
ANDHBK,OTHERS
ANJELB,OTHERS
ANMRWD,OTHERS
APBJPD,OTHERS
APEXGA,OTHERS
APEXGL,OTHERS
APLUSS,OTHERS
APMTRV,OTHERS
APNAMB,OTHERS
APP,OTHERS
APPBKT,OTHERS
APREMO,OTHERS
APSWTS,OTHERS
APVERI,OTHERS
AQUAFR,OTHERS
ARAIRC,OTHERS
ARENAA,OTHERS
ARMIET,OTHERS
ARTECH,OTHERS
ARTHOS,OTHERS
ARWRET,OTHERS
ASAINI,OTHERS
ASCENT,OTHERS
ASKLLA,OTHERS
ASOOJO,OTHERS
ASPRIC,OTHERS
ASUGAR,OTHERS
ASUSBS,OTHERS
ATMIYA,OTHERS
ATMOVI,OTHERS
ATOSMS,OTHERS
AUSSIZ,OTHERS
AUTHNT,OTHERS
AVANTE,OTHERS
AXISHR,OTHERS
BABYBT,OTHERS
BALIFE,OTHERS
BANDHN,OTHERS
BANDUS,OTHERS
BANKPO,OTHERS
BANSAL,OTHERS
BARCHS,OTHERS
BARCRG,OTHERS
BARUSB,OTHERS
BAZCRT,OTHERS
BBDRCT,OTHERS
BDEALS,OTHERS
BEAUTY,OTHERS
BELEZA,OTHERS
BESCOM,OTHERS
BFLADC,OTHERS
BHAIFI,OTHERS
BHARAT,OTHERS
BHOOMI,OTHERS
BHRGAS,OTHERS
BIGVTL,OTHERS
BIRYAN,OTHERS
BJAZGI,OTHERS
BJAZLI,OTHERS
BLKSMS,OTHERS
BLUBRD,OTHERS
BMBAJA,OTHERS
BMUDHE,OTHERS
BMWPUN,OTHERS
BNKSAV,OTHERS
BOBATM,OTHERS
BOIDEP,OTHERS
BOIOFR,OTHERS
BPCRET,OTHERS
BRANDS,OTHERS
BRGAIN,OTHERS
BRIGHT,OTHERS
BRKFST,OTHERS
BRNBUL,OTHERS
BROEXM,OTHERS
BRUGLD,OTHERS
BSEIND,OTHERS
BSLINS,OTHERS
BSLPLC,OTHERS
BSNL M,OTHERS
BSNLEX,OTHERS
BTECHS,OTHERS
BTLOAN,OTHERS
BUDDYY,OTHERS
BUDGET,OTHERS
BULLIN,OTHERS
BULLSB,OTHERS
BUYSTK,OTHERS
BVUDIT,OTHERS
BYTBYD,OTHERS
BZLOAN,OTHERS
CABCAB,OTHERS
CABLVD,OTHERS
CABSGR,OTHERS
CADDRG,OTHERS
CAKART,OTHERS
CAMSFA,OTHERS
CANARA,OTHERS
CAPITL,OTHERS
CARBUK,OTHERS
CARESS,OTHERS
CARFIN,OTHERS
CASONI,OTHERS
CASSIN,OTHERS
CBIOTP,OTHERS
CBPROP,OTHERS
CCJOBS,OTHERS
CCLASS,OTHERS
CGCSMS,OTHERS
CGGHYD,OTHERS
CGSSDG,OTHERS
CHAUHN,OTHERS
CHCIND,OTHERS
CHEERS,OTHERS
CHETAH,OTHERS
CHINCH,OTHERS
CHIQUE,OTHERS
CHLFTS,OTHERS
CHOPRS,OTHERS
CHTKRA,OTHERS
CIALHR,OTHERS
CIBILP,OTHERS
CIGNAT,OTHERS
CIGTTK,OTHERS
CIVHOD,OTHERS
CKPBNK,CKP BANK
CLDAPP,OTHERS
CLICKH,OTHERS
CLKTBL,OTHERS
CMCMCM,OTHERS
CNOPLS,OTHERS
CNRAJA,OTHERS
CNXGPS,OTHERS
CODCOM,OTHERS
COLGTE,OTHERS
COLSTR,OTHERS
CONNCT,OTHERS
CPDSCG,OTHERS
CQUEST,OTHERS
CREDAI,OTHERS
CRFEST,OTHERS
CRGLRY,OTHERS
CRICFI,OTHERS
CRISPY,OTHERS
CSIGJC,OTHERS
CSPLPN,OTHERS
CSWARI,OTHERS
CTACJP,OTHERS
CTMGGN,OTHERS
CTYSRF,OTHERS
CVGRIN,OTHERS
CVLKRA,OTHERS
CVMAA,OTHERS
CWORLD,OTHERS
DABANK,OTHERS
DAILYO,OTHERS
DAMOND,OTHERS
DATSOL,OTHERS
DBATRA,OTHERS
DCHPLY,OTHERS
DDAYUD,OTHERS
DEEPAK,OTHERS
DEEPAM,OTHERS
DEFALT,OTHERS
DELGOV,OTHERS
DEMOLG,OTHERS
DEMOOO,OTHERS
DENABK,OTHERS
DENEBP,OTHERS
DESIVI,OTHERS
DFAYDA,OTHERS
DFLORG,OTHERS
DGMIND,OTHERS
DGRILL,OTHERS
DHANYA,OTHERS
DHARMA,OTHERS
DHNJAY,OTHERS
DHNKWD,OTHERS
DIGLIB,OTHERS
DILUTE,OTHERS
DINNER,OTHERS
DJHOLI,OTHERS
DLFYND,OTHERS
DLMONK,OTHERS
DMONEY,OTHERS
DMTSDL,OTHERS
DND,OTHERS
DNTONE,OTHERS
DOBBEY,OTHERS
DOONBS,OTHERS
DOPGUJ,OTHERS
DPAULS,OTHERS
DRBTRA,OTHERS
DREAMM,OTHERS
DREAMS,OTHERS
DRIVEU,OTHERS
DSUSSD,OTHERS
DULUXP,OTHERS
DURLAB,OTHERS
DYPUSM,OTHERS
EAGLET,OTHERS
EAMCET,OTHERS
EBILL,OTHERS
EDUBUZ,OTHERS
EDUCAR,OTHERS
EDUCTN,OTHERS
EDUDEL,OTHERS
EDUIND,OTHERS
EDUMBA,OTHERS
EDUTEC,OTHERS
EDWRLD,OTHERS
EECUSA,OTHERS
EFFORT,OTHERS
EILWMS,OTHERS
EKARAT,OTHERS
ELITBZ,OTHERS
EMETTL,OTHERS
EMFCWL,OTHERS
EMITRA,OTHERS
EMPRSA,OTHERS
ENCASH,OTHERS
ENGOLY,OTHERS
EPAISA,OTHERS
EPOISE,OTHERS
EQICOM,OTHERS
EQUIPT,OTHERS
EQUITY,OTHERS
EQUMCX,OTHERS
ESATJR,OTHERS
ESSKAY,OTHERS
ETYLDR,OTHERS
EUROPE,OTHERS
EVBRDG,OTHERS
EVOKSS,OTHERS
EWZRDS,OTHERS
EXIBTN,OTHERS
EXPATM,OTHERS
EXTMKS,OTHERS
EZMOVE,OTHERS
FANCYN,OTHERS
FARITA,OTHERS
FATLOS,OTHERS
FBUNNY,OTHERS
FEDFIN,OTHERS
FEEARC,OTHERS
FIONAS,OTHERS
FITJEE,OTHERS
FLAAAT,OTHERS
FLAATF,OTHERS
FLAATL,OTHERS
FLAATS,OTHERS
FLAATT,OTHERS
FLATAA,OTHERS
FLATAY,OTHERS
FLATGA,OTHERS
FLATPG,OTHERS
FLATTY,OTHERS
FLEXIR,OTHERS
FLINTO,OTHERS
FLMNGO,OTHERS
FLOWER,OTHERS
FLPCLS,OTHERS
FNBPRB,OTHERS
FNFVLG,OTHERS
FOCUSS,OTHERS
FOODPA,OTHERS
FORFSB,OTHERS
FPUNEB,OTHERS
FREETL,OTHERS
FRISNS,OTHERS
FRTRAK,OTHERS
FRWIFI,OTHERS
FSCEMS,OTHERS
FUSION,OTHERS
GAJEJI,OTHERS
GANGAA,OTHERS
GARENA,OTHERS
GDCAFE,OTHERS
GENIUS,OTHERS
GENIXO,OTHERS
GEOJIT,OTHERS
GFGJBP,OTHERS
GGILKO,OTHERS
GIINFO,OTHERS
GIOCOM,OTHERS
GITAMH,OTHERS
GIVOMW,OTHERS
GJAVAS,OTHERS
GLIMCH,OTHERS
GLOBLL,OTHERS
GLOIUS,OTHERS
GOFYND,OTHERS
GOKULS,OTHERS
GOODBX,OTHERS
GOYANO,OTHERS
GRNPLY,OTHERS
GROWTH,OTHERS
GRTDAY,OTHERS
GTGRUP,OTHERS
GTPLHO,OTHERS
GURGAO,OTHERS
GWSHOP,OTHERS
GZOOMO,OTHERS
HASEJA,OTHERS
HASIAN,OTHERS
HBLEDU,OTHERS
HDFCBA,OTHERS
HDFCBF,OTHERS
HDFCGI,OTHERS
HEADHR,OTHERS
HEARNG,OTHERS
HELPCH,OTHERS
HGSLTA,OTHERS
HHLICM,OTHERS
HIRENW,OTHERS
HITRSS,OTHERS
HMLANE,OTHERS
HMTTRD,OTHERS
HNGLOW,OTHERS
HODNCR,OTHERS
HOLCHF,OTHERS
HOLIBF,OTHERS
HOLYPL,OTHERS
HOMEAJ,OTHERS
HOMEJY,OTHERS
HONDAM,OTHERS
HONJEW,OTHERS
HOTCLB,OTHERS
HOTSTR,OTHERS
HPCGAS,OTHERS
HPERKS,OTHERS
HSTUDY,OTHERS
HTACTD,OTHERS
HUGEDS,OTHERS
HUWWAP,OTHERS
IACTGL,OTHERS
IBERRY,OTHERS
IBMCEP,OTHERS
IBMRCT,OTHERS
IBROEX,OTHERS
IBSPUN,OTHERS
IBTCRM,OTHERS
IBTDEL,OTHERS
ICOFPI,OTHERS
ICSIND,OTHERS
ICTRUN,OTHERS
IDEAMY,OTHERS
IDEATV,OTHERS
IDEMAT,OTHERS
IDFCMF,OTHERS
IDIREC,OTHERS
IDKAAM,OTHERS
IDOLSM,OTHERS
IDTSRT,OTHERS
IESEXM,OTHERS
IGROUP,OTHERS
IIBFMO,OTHERS
IICSMS,OTHERS
IIFOME,OTHERS
IIHMCA,OTHERS
IILHFC,OTHERS
IIMBLR,OTHERS
IIRMMM,OTHERS
IITDLH,OTHERS
IITGJB,OTHERS
IITKNP,OTHERS
ILIBON,OTHERS
IM-SCI,OTHERS
IM-ZAR,OTHERS
IMOINF,OTHERS
IMPTIP,OTHERS
INDFLY,OTHERS
INDNCS,OTHERS
INFCOM,OTHERS
INFODR,OTHERS
INFOTK,OTHERS
INFSYS,OTHERS
INREST,OTHERS
INSCAR,OTHERS
INSKNK,OTHERS
INSLIF,OTHERS
INSRNC,OTHERS
INSTMJ,OTHERS
INTGRL,OTHERS
INTSIG,OTHERS
INTSUP,OTHERS
INTUIT,OTHERS
INVCLN,OTHERS
INVITE,OTHERS
ISBMGG,OTHERS
ISHAHO,OTHERS
ISKODA,OTHERS
ITGOES,OTHERS
ITICDS,OTHERS
ITJOBS,OTHERS
ITMEDU,OTHERS
ITRAIN,OTHERS
IVERTX,OTHERS
IZOOMO,OTHERS
JAINAM,OTHERS
JAINST,OTHERS
JAYANT,OTHERS
JBCOLG,OTHERS
JCALLS,OTHERS
JCMSMS,OTHERS
JETJOB,OTHERS
JFSEMI,OTHERS
JHOMES,OTHERS
JIOSCL,OTHERS
JITOMZ,OTHERS
JKBSGN,OTHERS
JKLUJP,OTHERS
JLCIND,OTHERS
JMEDIT,OTHERS
JNCGRP,OTHERS
JNSEVA,OTHERS
JOBBPO,OTHERS
JOBFAC,OTHERS
JOBFRU,OTHERS
JOBSMS,OTHERS
JOCKEY,OTHERS
JOEKUM,OTHERS
JOJOIN,OTHERS
JRUPEE,OTHERS
JSTEAT,OTHERS
JSTORE,OTHERS
JTRIDE,OTHERS
JTYRES,OTHERS
JUKASO,OTHERS
JVMFIN,OTHERS
KAICEL,OTHERS
KANCHN,OTHERS
KARDOM,OTHERS
KASSNV,OTHERS
KAYASC,OTHERS
KBSARV,OTHERS
KDGRUP,OTHERS
KDRSFT,OTHERS
KENTRO,OTHERS
KFCRST,OTHERS
KHELKT,OTHERS
KHETAN,OTHERS
KICXIN,OTHERS
KIIFAA,OTHERS
KIRAYA,OTHERS
KLEVER,OTHERS
KLPTRU,OTHERS
KLUVJA,OTHERS
KMPRFY,OTHERS
KNAPLY,OTHERS
KOCHAR,OTHERS
KOELDG,OTHERS
KONICS,OTHERS
KPANDA,OTHERS
KPBCOM,OTHERS
KPBLIB,OTHERS
KPDEVL,OTHERS
KSBHBL,OTHERS
KSOUNI,OTHERS
KUNDLI,OTHERS
KUSHAL,OTHERS
KVOSBB,OTHERS
LAAPTU,OTHERS
LATEST,OTHERS
LAWRTO,OTHERS
LAWSOL,OTHERS
LAZIZP,OTHERS
LBRAID,OTHERS
LEDDTV,OTHERS
LEHLEH,OTHERS
LEVISL,OTHERS
LICADO,OTHERS
LICINS,OTHERS
LINEME,OTHERS
LINEMS,OTHERS
LNKINT,OTHERS
LOANZZ,OTHERS
LODHAS,OTHERS
LOTUSI,OTHERS
LSFIBR,OTHERS
LTSSHV,OTHERS
LUXAVO,OTHERS
LVBANK,OTHERS
LYNKRS,OTHERS
LZSHPR,OTHERS
MAGSMS,OTHERS
MAHCET,OTHERS
MAKAAN,OTHERS
MAKEMY,OTHERS
MAMATA,OTHERS
MAMGOB,OTHERS
MANGAL,OTHERS
MANSHA,OTHERS
MARGSP,OTHERS
MARINE,OTHERS
MAXLIF,OTHERS
MAXXMB,OTHERS
MAYURI,OTHERS
MBABLR,OTHERS
MBAEDU,OTHERS
MBAPJT,OTHERS
MBBSAD,OTHERS
MBBSDV,OTHERS
MBJOBS,OTHERS
MCDAPP,OTHERS
MCGMFN,OTHERS
MCGMWC,OTHERS
MCOABD,OTHERS
MCSMBA,OTHERS
MDBZAR,OTHERS
MDCCBK,OTHERS
MDIADM,OTHERS
MEDIPL,OTHERS
MEDPLS,OTHERS
MERADR,OTHERS
MERAEN,OTHERS
MERITN,OTHERS
MERLOT,OTHERS
METROP,OTHERS
MFCCAR,OTHERS
MIDNIG,OTHERS
MINDMC,OTHERS
MINIMB,OTHERS
MINPNG,OTHERS
MIORDR,OTHERS
MKCLTD,OTHERS
MKRILC,OTHERS
MMOVIE,OTHERS
MMSC-N,OTHERS
MMTOFR,OTHERS
MNYCAP,OTHERS
MOBCRG,OTHERS
MOCASH,OTHERS
MOCHIS,OTHERS
MODEXM,OTHERS
MONEYC,OTHERS
MONIKA,OTHERS
MOTAPA,OTHERS
MOTSWL,OTHERS
MOVEUP,OTHERS
MSGADT,OTHERS
MSGTST,OTHERS
MSMMRT,OTHERS
MSNMBA,OTHERS
MSTORE,OTHERS
MTATVA,OTHERS
MTHSHT,OTHERS
MTNLAO,OTHERS
MTNMUM,OTHERS
MTODAY,OTHERS
MTOONS,OTHERS
MULUND,OTHERS
MUMPOL,OTHERS
MUNAFA,OTHERS
MVASTU,OTHERS
MXPLAY,OTHERS
MYADVO,OTHERS
MYCABS,OTHERS
MYCITY,OTHERS
MYCOFM,OTHERS
MYFROG,OTHERS
MYGLAM,OTHERS
MYGOAL,OTHERS
MYLOAN,OTHERS
MYOPTR,OTHERS
MYPLAN,OTHERS
MYRANK,OTHERS
MYRECH,OTHERS
MYTEXT,OTHERS
NALSAR,OTHERS
NAMPLY,OTHERS
NAPTOL,OTHERS
NASEND,OTHERS
NATHEL,OTHERS
NCBMUM,OTHERS
NCDEXL,OTHERS
NCODES,OTHERS
NDAROT,OTHERS
NETLUX,OTHERS
NETMAX,OTHERS
NEWCOM,OTHERS
NEWSEN,OTHERS
NEWYER,OTHERS
NHMPUN,OTHERS
NIALTD,OTHERS
NIKIAI,OTHERS
NILKAM,OTHERS
NIMBUS,OTHERS
NIPUNB,OTHERS
NIRBAG,OTHERS
NIVTWB,OTHERS
NODDEV,OTHERS
NOIDAA,OTHERS
NOKART,OTHERS
NOLOAN,OTHERS
NPSCRA,OTHERS
NSCHNT,OTHERS
NTTSPL,OTHERS
NUCARE,OTHERS
NUTANK,OTHERS
NYBASH,OTHERS
ODHANI,OTHERS
ODYIND,OTHERS
OFAIZI,OTHERS
OFFEER,OTHERS
OFFERS,OTHERS
OFICEN,OTHERS
OFICES,OTHERS
OFZONE,OTHERS
OICLIN,OTHERS
OJWJOB,OTHERS
OLXAPP,OTHERS
OMLETT,OTHERS
OMSANS,OTHERS
ONWARD,OTHERS
OPENIG,OTHERS
ORBITZ,OTHERS
ORCHID,OTHERS
OTBSHT,OTHERS
OTPMSG,OTHERS
OTPNBF,OTHERS
OYOLDS,OTHERS
OZIGYM,OTHERS
PACDEL,OTHERS
PACPUN,OTHERS
PADWAA,OTHERS
PARTHC,OTHERS
PARULU,OTHERS
PAYUIB,OTHERS
PCPNDT,OTHERS
PENSIN,OTHERS
PENSON,OTHERS
PERIIT,OTHERS
PERLON,OTHERS
PERWEB,OTHERS
PESTCO,OTHERS
PFTMIR,OTHERS
PFWIFI,OTHERS
PGCETS,OTHERS
PGECET,OTHERS
PGMBAS,OTHERS
PGMBBS,OTHERS
PGPRTL,OTHERS
PHONAD,OTHERS
PHSTPA,OTHERS
PHTORB,OTHERS
PIKSPD,OTHERS
PIVJIM,OTHERS
PIYUSH,OTHERS
PKHOME,OTHERS
PLHDFC,OTHERS
PLOANS,OTHERS
PLOTAA,OTHERS
PMADHR,OTHERS
PNBSAV,OTHERS
PNCRTN,OTHERS
POINTZ,OTHERS
POLIO,OTHERS
POPINN,OTHERS
POSTPA,OTHERS
PPLKRT,OTHERS
PRAGAT,OTHERS
PREMIA,OTHERS
PRFECT,OTHERS
PRIDEH,OTHERS
PRIVEE,OTHERS
PROATV,OTHERS
PROEMI,OTHERS
PROMPT,OTHERS
PROPLA,OTHERS
PRTEEK,OTHERS
PSPLAY,OTHERS
PSQURE,OTHERS
PTPOOJ,OTHERS
PTUNES,OTHERS
PURANK,OTHERS
PVBRBS,OTHERS
PYDHMS,OTHERS
QBOOKS,OTHERS
QBWIFI,OTHERS
QIKSTY,OTHERS
QIKWEL,OTHERS
QPDUOP,OTHERS
QSEVEN,OTHERS
RADSOM,OTHERS
RAGHUK,OTHERS
RAHEJA,OTHERS
RAJIVG,OTHERS
RAJIVJ,OTHERS
RAKSHA,OTHERS
RBJPAT,OTHERS
RBLVPN,OTHERS
RBYTES,OTHERS
RCOURT,OTHERS
RDUKYA,OTHERS
READIT,OTHERS
REALSN,OTHERS
RELOAD,OTHERS
RESULT,OTHERS
RETEAM,OTHERS
RETURN,OTHERS
RGSTRN,OTHERS
RICHFL,OTHERS
RINGCV,OTHERS
RISHAB,OTHERS
RIZVIC,OTHERS
RLGARE,OTHERS
RLWIRE,OTHERS
RMLIFE,OTHERS
ROMANO,OTHERS
RRAWAT,OTHERS
RSRGAS,OTHERS
RSRTCT,OTHERS
RTCCCS,OTHERS
RUDEBL,OTHERS
RUIAAG,OTHERS
RUMMYC,OTHERS
RUPLEE,OTHERS
RWINFO,OTHERS
SAFARI,OTHERS
SAGENT,OTHERS
SAHARP,OTHERS
SAIMSG,OTHERS
SAIORC,OTHERS
SALARC,OTHERS
SAMCCC,OTHERS
SAMLKA,OTHERS
SAMRAT,OTHERS
SANCTY,OTHERS
SANPRO,OTHERS
SARSHP,OTHERS
SATYAB,OTHERS
SAURBH,OTHERS
SBBJFI,OTHERS
SBGPPC,OTHERS
SBHELP,OTHERS
SBHLON,OTHERS
SBRICK,OTHERS
SCABLE,OTHERS
SCAOPN,OTHERS
SCAUTO,OTHERS
SCRIPT,OTHERS
SCRPBX,OTHERS
SDADAP,OTHERS
SDMCPT,OTHERS
SECURE,OTHERS
SECUTY,OTHERS
SENDER,OTHERS
SENSEC,OTHERS
SEOTRG,OTHERS
SERLON,OTHERS
SERVER,OTHERS
SFLOAN,OTHERS
SFXEXP,OTHERS
SGSHRT,OTHERS
SHAALA,OTHERS
SHAGUN,OTHERS
SHAIPL,OTHERS
SHARES,OTHERS
SHINES,OTHERS
SHOBIT,OTHERS
SHOMES,OTHERS
SHOPRZ,OTHERS
SHOPST,OTHERS
SHPSTY,OTHERS
SHPWAY,OTHERS
SHREEH,OTHERS
SHRETD,OTHERS
SHRTPS,OTHERS
SIGREE,OTHERS
SIMAGE,OTHERS
SINGLA,OTHERS
SISNET,OTHERS
SITEDO,OTHERS
SITICC,OTHERS
SITSMS,OTHERS
SIXDEG,OTHERS
SKARMA,OTHERS
SKMJOB,OTHERS
SMARTE,OTHERS
SMARTS,OTHERS
SMAULI,OTHERS
SMEDHA,OTHERS
SMGIFT,OTHERS
SMISRA,OTHERS
SMPKDD,OTHERS
SMRTLN,OTHERS
SMSINS,OTHERS
SMSREG,OTHERS
SMSTST,OTHERS
SMSVNS,OTHERS
SMSWLA,OTHERS
SMWIFI,OTHERS
SNAPDE,OTHERS
SNDWIZ,OTHERS
SNGWAN,OTHERS
SNPCOM,OTHERS
SOFASS,OTHERS
SOGDEL,OTHERS
SOLNIX,OTHERS
SOLTRK,OTHERS
SOLVER,OTHERS
SOULIN,OTHERS
SPACES,OTHERS
SPACEV,OTHERS
SPCLTY,OTHERS
SPICIN,OTHERS
SPICMS,OTHERS
SPISNS,OTHERS
SPJAIN,OTHERS
SQYECO,OTHERS
SRESTA,OTHERS
SRMIMT,OTHERS
SRSGRP,OTHERS
SRUSTI,OTHERS
SSAKHI,OTHERS
SSCARE,OTHERS
SSCCGL,OTHERS
SSCCHN,OTHERS
SSNPVL,OTHERS
SSTCOL,OTHERS
STARAB,OTHERS
STARSJ,OTHERS
STKBUZ,OTHERS
STLFIE,OTHERS
STORE,OTHERS
STRADE,OTHERS
STRIND,OTHERS
STRYKR,OTHERS
STSHAH,OTHERS
STUDYH,OTHERS
STYLEO,OTHERS
STYZLA,OTHERS
SUBHAM,OTHERS
SUDHAR,OTHERS
SUGART,OTHERS
SUKAMC,OTHERS
SUMERR,OTHERS
SUMESH,OTHERS
SUMMER,OTHERS
SUPERB,OTHERS
SUPRRC,OTHERS
SUREMX,OTHERS
SURYAA,OTHERS
SVCTWK,OTHERS
SVDEFN,OTHERS
SWROOP,OTHERS
SWSTIK,OTHERS
SYAROT,OTHERS
SYSKAG,OTHERS
TAAIIN,OTHERS
TABOLT,OTHERS
TAGHSH,OTHERS
TAJEDU,OTHERS
TALENT,OTHERS
TANGOX,OTHERS
TANVIA,OTHERS
TATKAL,OTHERS
TBISMS,OTHERS
TCEDJS,OTHERS
TCHBPO,OTHERS
TCHSTN,OTHERS
TCLRPT,OTHERS
TCROMA,OTHERS
TDIEMT,OTHERS
TEAMHO,OTHERS
TECHGG,OTHERS
TECHMA,OTHERS
TECNCL,OTHERS
TECSUP,OTHERS
TELENO,OTHERS
TESTBK,OTHERS
TFAROT,OTHERS
TFSHOP,OTHERS
TFSKOL,OTHERS
THCARE,OTHERS
THEINC,OTHERS
THNCLB,OTHERS
TIMESS,OTHERS
TIPSYT,OTHERS
TKTNEW,OTHERS
TKTTRP,OTHERS
TMSCRD,OTHERS
TNOUAW,OTHERS
TOICRM,OTHERS
TOLXOO,OTHERS
TOMTOM,OTHERS
TOOLXO,OTHERS
TOUCHS,OTHERS
TPCTTS,OTHERS
TPGAME,OTHERS
TRADES,OTHERS
TRCLLR,OTHERS
TRDCSH,OTHERS
TRDGRU,OTHERS
TRENDY,OTHERS
TRESMO,OTHERS
TRMAKE,OTHERS
TRMPLN,OTHERS
TRNDIN,OTHERS
TRSDTL,OTHERS
TRUUIN,OTHERS
TSHIRT,OTHERS
TTARMY,OTHERS
TTOFFR,OTHERS
TTOMPL,OTHERS
TTURBO,OTHERS
TVSHOP,OTHERS
TXTWEB,OTHERS
TYMSTK,OTHERS
UHBVNL,OTHERS
UIDJHR,OTHERS
UIICCL,OTHERS
UIICHO,OTHERS
UMINTO,OTHERS
UNCLAP,URBAN CLAP
UNICTY,OTHERS
UNOCOI,OTHERS
UNOPAY,OTHERS
UOMEXM,OTHERS
UPGOVT,UP GOVT
UPSSSC,OTHERS
URBSQY,OTHERS
URFLAT,OTHERS
URGENT,OTHERS
USAEDU,OTHERS
UTSEDU,OTHERS
VALUEP,OTHERS
VANHEU,OTHERS
VANIIN,OTHERS
VASCOD,OTHERS
VATIKA,OTHERS
VCHAT,OTHERS
VESACS,OTHERS
VESASC,OTHERS
VESTIG,OTHERS
VHEGHT,OTHERS
VIBERZ,OTHERS
VIDYAA,OTHERS
VILLAS,OTHERS
VIPNOS,OTHERS
VITSRM,OTHERS
VIVAHS,OTHERS
VLVLCC,OTHERS
VNETIA,OTHERS
VOUCHE,OTHERS
VPAHWA,OTHERS
VRLTRV,OTHERS
VSALES,OTHERS
VSMANN,OTHERS
VTLMBO,OTHERS
WALKIN,OTHERS
WAYNWS,OTHERS
WAZERS,OTHERS
WBDCCS,OTHERS
WBELEC,WB GOVT
WBSEPS,WB GOVT
WCGPSC,OTHERS
WCUPID,OTHERS
WEBFRM,OTHERS
WEBGRE,OTHERS
WEBSIT,OTHERS
WELKIN,OTHERS
WELNES,OTHERS
WESCHL,OTHERS
WFHOME,OTHERS
WHSUPP,OTHERS
WISDOM,OTHERS
WLMPEN,OTHERS
WNRCRP,OTHERS
WORLDC,OTHERS
WOXAIT,OTHERS
WSRETL,FLIPKART
WSTSID,OTHERS
XAMEXX,AMERICAN EXPRESS
XATXLR,OTHERS
YAMAHA,OTHERS
YATYAT,OTHERS
YECALL,OTHERS
YJVNDR,OTHERS
YOCKET,OTHERS
YOOAPP,OTHERS
YOURGY,OTHERS
YSHODA,OTHERS
YSINGH,OTHERS
YUKART,OTHERS
YUTELE,OTHERS
ZAFRAN,OTHERS
ZDSOFT,OTHERS
ZEECIN,OTHERS
ZENEXM,OTHERS
ZERCHH,OTHERS
ZGWILS,OTHERS
ZOMBUY,OTHERS
ZSHARE,OTHERS
VOIWEB,VOX WEB
